period,revenue,operating_profit,net_income,operating_margin_pct,net_margin_pct
2022,35500000000000.0,5234394000000.0,4112493000000.0,14.744771830985915,11.584487323943662
2023,44830000000000.0,6385021000000.0,4526334000000.0,14.24274146776712,10.096662948918135
2024,47000000000000.0,8045261000000.0,5078221000000.0,17.11757659574468,10.804725531914894
